viffi_cl1_line,viffi_cl2_line
987,1057
364,434
2037,2107
1282,1352
372,442
1496,1566
1360,1430
1564,1634
1974,2044
823,893
1643,1713
2013,2083
791,861
1595,1665
259,329
1015,1085
1793,1863
618,688
1644,1714
802,872
451,521
1165,1235
1304,1374
1795,1865
793,863
345,415
689,759
1935,2005
2287,2357
1188,1258
1522,1592
1356,1426
652,722
2253,2323
273,343
2232,2302
245,315
1165,1235
1511,1581
271,341
118,188
782,852
706,776
1931,2001
263,333
865,935
2026,2096
2105,2175
223,293
855,925
47,117
426,496
2047,2117
936,1006
809,879
486,556
1649,1719
1767,1837
432,502
1449,1519
848,918
970,1040
2113,2183
182,252
196,266
1432,1502
75,145
1329,1399
900,970
2220,2290
1678,1748
1656,1726
1115,1185
1821,1891
547,617
1072,1142
1346,1416
943,1013
1894,1964
448,518
1962,2032
1289,1359
615,685
694,764
1539,1609
1187,1257
1432,1502
475,545
1926,1996
501,571
1835,1905
1972,2042
2345,2415
75,145
550,620
125,195
1002,1072
1491,1561
257,327
892,962
601,671
1825,1895
2064,2134
1600,1670
553,623
1844,1914
267,337
541,611
441,511
814,884
9,79
2311,2381
710,780
227,297
2156,2226
757,827
1113,1183
1324,1394
1258,1328
63,133
1025,1095
272,342
1116,1186
1594,1664
882,952
547,617
284,354
1524,1594
827,897
1581,1651
1148,1218
1543,1613
2089,2159
1385,1455
1889,1959
2223,2293
1292,1362
1466,1536
557,627
1447,1517
1696,1766
1016,1086
2186,2256
137,207
465,535
1247,1317
2293,2363
970,1040
559,629
1268,1338
25,95
28,98
1823,1893
2181,2251
1397,1467
953,1023
800,870
1110,1180
2027,2097
1018,1088
2274,2344
1192,1262
27,97
1094,1164
479,549
1984,2054
1026,1096
769,839
76,146
2036,2106
2140,2210
541,611
1089,1159
1784,1854
1943,2013
1113,1183
786,856
815,885
1181,1251
1431,1501
92,162
1357,1427
1068,1138
1617,1687
2080,2150
1172,1242
1959,2029
69,139
661,731
2211,2281
2115,2185
545,615
1395,1465
332,402
2073,2143
2076,2146
1582,1652
1858,1928
296,366
2339,2409
226,296
70,140
641,711
286,356
527,597
2040,2110
285,355
1999,2069
1469,1539
2247,2317
1356,1426
1024,1094
1036,1106
2271,2341
1889,1959
602,672
540,610
362,432
2119,2189
1893,1963
941,1011
569,639
2000,2070
366,436
1691,1761
1237,1307
1445,1515
374,444
461,531
1606,1676
74,144
2235,2305
614,684
609,679
1869,1939
1052,1122
1776,1846
2044,2114
1438,1508
1802,1872
2256,2326
1793,1863
674,744
2286,2356
2228,2298
563,633
63,133
2050,2120
1096,1166
139,209
2352,2422
94,164
89,159
1253,1323
1701,1771
1950,2020
2103,2173
1161,1231
914,984
797,867
342,412
520,590
1492,1562
1190,1260
880,950
705,775
1344,1414
999,1069
2065,2135
779,849
871,941
2330,2400
1127,1197
420,490
370,440
462,532
125,195
1760,1830
956,1026
215,285
732,802
1222,1292
1931,2001
845,915
1487,1557
1078,1148
665,735
2190,2260
1836,1906
500,570
1424,1494
2206,2276
257,327
1066,1136
2224,2294
2256,2326
364,434
2062,2132
1867,1937
673,743
2226,2296
1937,2007
42,112
239,309
393,463
840,910
354,424
432,502
1024,1094
899,969
1262,1332
1516,1586
2162,2232
583,653
855,925
84,154
1628,1698
541,611
407,477
2052,2122
579,649
282,352
503,573
1338,1408
1090,1160
1140,1210
1848,1918
1755,1825
1827,1897
719,789
2072,2142
2333,2403
1402,1472
1370,1440
1759,1829
465,535
2287,2357
651,721
644,714
1808,1878
202,272
1078,1148
1747,1817
2340,2410
1714,1784
1347,1417
1254,1324
697,767
1742,1812
960,1030
738,808
2342,2412
2166,2236
2071,2141
2209,2279
1073,1143
1780,1850
1794,1864
584,654
481,551
1681,1751
21,91
1593,1663
2311,2381
844,914
475,545
570,640
200,270
649,719
458,528
869,939
2051,2121
22,92
1032,1102
2204,2274
1347,1417
577,647
1185,1255
370,440
776,846
1834,1904
1771,1841
723,793
1475,1545
1283,1353
871,941
327,397
1188,1258
2279,2349
1647,1717
535,605
1403,1473
1026,1096
250,320
2343,2413
52,122
2289,2359
868,938
356,426
2018,2088
1447,1517
669,739
1751,1821
1877,1947
797,867
638,708
259,329
1616,1686
1494,1564
1425,1495
495,565
732,802
1134,1204
1096,1166
1817,1887
170,240
132,202
413,483
1016,1086
2082,2152
2160,2230
2137,2207
2290,2360
1329,1399
2119,2189
444,514
1054,1124
2232,2302
43,113
998,1068
1272,1342
311,381
113,183
1359,1429
2174,2244
1696,1766
234,304
2305,2375
140,210
385,455
1542,1612
2279,2349
38,108
1938,2008
2180,2250
688,758
1157,1227
2091,2161
381,451
528,598
2273,2343
1037,1107
936,1006
570,640
558,628
1344,1414
1724,1794
956,1026
155,225
1688,1758
485,555
233,303
1074,1144
1115,1185
1365,1435
1917,1987
175,245
1836,1906
1316,1386
161,231
421,491
2285,2355
559,629
1667,1737
932,1002
1558,1628
1821,1891
1512,1582
1306,1376
27,97
567,637
879,949
1496,1566
731,801
584,654
521,591
945,1015
1259,1329
1134,1204
1557,1627
988,1058
947,1017
2249,2319
64,134
226,296
1739,1809
1381,1451
2139,2209
601,671
353,423
1819,1889
902,972
2028,2098
447,517
1335,1405
700,770
1033,1103
2259,2329
742,812
1316,1386
1763,1833
1432,1502
554,624
1066,1136
1929,1999
383,453
1908,1978
900,970
2060,2130
1536,1606
405,475
116,186
2002,2072
54,124
851,921
635,705
1558,1628
1526,1596
881,951
2200,2270
2342,2412
1342,1412
1208,1278
1616,1686
118,188
229,299
461,531
1002,1072
756,826
1210,1280
729,799
39,109
346,416
117,187
1234,1304
1088,1158
1677,1747
895,965
2194,2264
353,423
1611,1681
1357,1427
2171,2241
2243,2313
1811,1881
1773,1843
2334,2404
895,965
405,475
39,109
614,684
1337,1407
2116,2186
2357,2427
74,144
1399,1469
1754,1824
1686,1756
1758,1828
2243,2313
388,458
1412,1482
1326,1396
1955,2025
1653,1723
120,190
1246,1316
2127,2197
1647,1717
2069,2139
41,111
1751,1821
1319,1389
1215,1285
837,907
2038,2108
1151,1221
1644,1714
166,236
1062,1132
1056,1126
1431,1501
1742,1812
91,161
1439,1509
2149,2219
372,442
170,240
638,708
389,459
682,752
2213,2283
1060,1130
1886,1956
350,420
118,188
955,1025
1721,1791
287,357
1157,1227
2106,2176
392,462
1987,2057
2149,2219
612,682
481,551
1985,2055
2018,2088
87,157
2323,2393
985,1055
2069,2139
275,345
981,1051
2058,2128
1695,1765
792,862
1515,1585
823,893
2316,2386
2062,2132
1177,1247
1754,1824
2249,2319
1671,1741
233,303
415,485
2223,2293
2065,2135
1266,1336
794,864
1919,1989
606,676
553,623
957,1027
2033,2103
1525,1595
1628,1698
184,254
1480,1550
156,226
10,80
2273,2343
1396,1466
394,464
1432,1502
1112,1182
138,208
308,378
506,576
261,331
1704,1774
727,797
1146,1216
879,949
121,191
625,695
1301,1371
13,83
1985,2055
654,724
499,569
874,944
1781,1851
2128,2198
2112,2182
515,585
1938,2008
876,946
2085,2155
1855,1925
515,585
1882,1952
466,536
296,366
977,1047
1096,1166
644,714
838,908
1636,1706
24,94
1864,1934
1421,1491
1542,1612
863,933
101,171
2202,2272
2324,2394
1345,1415
808,878
2136,2206
1058,1128
1524,1594
1889,1959
1389,1459
2300,2370
1595,1665
1155,1225
242,312
1063,1133
219,289
50,120
374,444
1599,1669
431,501
1812,1882
348,418
1984,2054
41,111
1759,1829
1013,1083
2139,2209
1505,1575
1145,1215
2252,2322
1169,1239
94,164
516,586
1094,1164
877,947
176,246
2182,2252
2090,2160
1931,2001
45,115
185,255
683,753
2030,2100
1248,1318
1056,1126
1062,1132
179,249
1341,1411
1856,1926
1750,1820
1249,1319
1509,1579
1088,1158
1952,2022
1196,1266
2155,2225
1973,2043
1702,1772
803,873
438,508
1802,1872
1888,1958
2043,2113
709,779
430,500
795,865
1974,2044
721,791
775,845
1473,1543
1802,1872
1134,1204
947,1017
33,103
1769,1839
2260,2330
1271,1341
1536,1606
960,1030
903,973
2320,2390
2154,2224
2244,2314
745,815
43,113
52,122
770,840
2073,2143
459,529
2304,2374
1801,1871
881,951
1842,1912
2281,2351
1530,1600
453,523
2167,2237
1443,1513
196,266
742,812
877,947
1350,1420
27,97
2207,2277
1560,1630
697,767
1899,1969
1868,1938
1372,1442
116,186
67,137
1948,2018
955,1025
714,784
196,266
971,1041
1136,1206
1944,2014
1658,1728
2200,2270
2267,2337
612,682
844,914
1096,1166
2324,2394
1634,1704
1917,1987
2181,2251
320,390
1478,1548
1957,2027
2149,2219
1256,1326
1455,1525
1438,1508
2020,2090
1903,1973
1935,2005
1077,1147
1681,1751
756,826
1644,1714
177,247
968,1038
508,578
162,232
486,556
38,108
980,1050
1035,1105
1637,1707
1243,1313
1073,1143
389,459
144,214
2252,2322
1495,1565
1775,1845
764,834
1050,1120
2320,2390
75,145
2260,2330
1321,1391
1432,1502
2343,2413
2170,2240
23,93
375,445
557,627
1988,2058
405,475
1329,1399
240,310
110,180
2184,2254
516,586
84,154
888,958
2244,2314
1303,1373
1361,1431
493,563
1921,1991
395,465
2170,2240
1117,1187
33,103
1894,1964
2034,2104
988,1058
1871,1941
1208,1278
881,951
1245,1315
380,450
1050,1120
552,622
1832,1902
507,577
781,851
302,372
2110,2180
2024,2094
1809,1879
739,809
1590,1660
1174,1244
2222,2292
1775,1845
994,1064
1675,1745
726,796
42,112
1996,2066
1869,1939
860,930
1366,1436
1094,1164
55,125
360,430
1383,1453
1737,1807
2125,2195
635,705
1109,1179
975,1045
2230,2300
1239,1309
1003,1073
276,346
418,488
1418,1488
1735,1805
2044,2114
2245,2315
1955,2025
1184,1254
2250,2320
1962,2032
123,193
1013,1083
1399,1469
2072,2142
2127,2197
2345,2415
1227,1297
1624,1694
1077,1147
27,97
1733,1803
721,791
819,889
1805,1875
1598,1668
2045,2115
2110,2180
1722,1792
1685,1755
2280,2350
102,172
598,668
2350,2420
1426,1496
1496,1566
504,574
1160,1230
48,118
861,931
1116,1186
228,298
742,812
341,411
725,795
300,370
354,424
1493,1563
2296,2366
279,349
621,691
1036,1106
1602,1672
1306,1376
456,526
2243,2313
1690,1760
2270,2340
1945,2015
218,288
266,336
1576,1646
613,683
2271,2341
1676,1746
2058,2128
2147,2217
1217,1287
131,201
1466,1536
989,1059
155,225
1590,1660
2355,2425
1843,1913
974,1044
454,524
2132,2202
109,179
2111,2181
489,559
288,358
624,694
1359,1429
1500,1570
463,533
2122,2192
307,377
2008,2078
713,783
1644,1714
1829,1899
1344,1414
45,115
1432,1502
80,150
290,360
809,879
959,1029
2203,2273
1084,1154
2113,2183
2095,2165
1066,1136
1879,1949
1036,1106
1769,1839
904,974
2071,2141
645,715
2328,2398
1823,1893
1353,1423
1768,1838
611,681
284,354
2205,2275
1387,1457
2160,2230
390,460
2260,2330
863,933
593,663
326,396
1665,1735
314,384
2125,2195
795,865
278,348
1311,1381
175,245
499,569
1855,1925
1185,1255
1439,1509
1926,1996
2263,2333
1095,1165
88,158
1668,1738
31,101
1336,1406
553,623
1099,1169
654,724
298,368
1483,1553
1702,1772
909,979
218,288
1981,2051
1890,1960
194,264
174,244
2039,2109
1869,1939
1696,1766
1375,1445
36,106
697,767
2143,2213
2329,2399
1671,1741
170,240
46,116
2333,2403
1302,1372
1070,1140
1456,1526
2021,2091
428,498
845,915
2311,2381
404,474
626,696
672,742
834,904
904,974
1267,1337
344,414
1018,1088
255,325
942,1012
2127,2197
1439,1509
272,342
1905,1975
239,309
119,189
1626,1696
1124,1194
656,726
248,318
2029,2099
1411,1481
2267,2337
59,129
1099,1169
157,227
700,770
1970,2040
1087,1157
609,679
54,124
1417,1487
2266,2336
242,312
1429,1499
1256,1326
2114,2184
2184,2254
2303,2373
915,985
2277,2347
1840,1910
2017,2087
400,470
122,192
1956,2026
1062,1132
1887,1957
116,186
1299,1369
1937,2007
2313,2383
449,519
20,90
791,861
2129,2199
977,1047
1478,1548
2154,2224
942,1012
591,661
488,558
2228,2298
1105,1175
937,1007
923,993
2025,2095
1897,1967
1198,1268
1558,1628
1818,1888
1111,1181
838,908
1481,1551
873,943
1690,1760
2159,2229
849,919
2010,2080
990,1060
1931,2001
970,1040
506,576
1242,1312
342,412
2262,2332
1825,1895
198,268
763,833
1813,1883
1386,1456
52,122
1400,1470
957,1027
102,172
60,130
2247,2317
1963,2033
1948,2018
438,508
136,206
947,1017
1257,1327
1503,1573
1803,1873
1931,2001
1293,1363
2067,2137
1157,1227
1096,1166
1626,1696
1854,1924
2001,2071
1778,1848
2020,2090
1958,2028
91,161
1794,1864
825,895
2354,2424
422,492
1419,1489
77,147
258,328
1099,1169
1778,1848
703,773
1086,1156
592,662
1983,2053
1831,1901
1639,1709
16,86
1662,1732
336,406
1111,1181
949,1019
1600,1670
1520,1590
830,900
864,934
1219,1289
2029,2099
220,290
1921,1991
32,102
319,389
1545,1615
46,116
1563,1633
130,200
754,824
361,431
1018,1088
1278,1348
48,118
1998,2068
1009,1079
2155,2225
277,347
1606,1676
210,280
1525,1595
339,409
68,138
497,567
743,813
184,254
1100,1170
1670,1740
552,622
1981,2051
2268,2338
1691,1761
1204,1274
627,697
2338,2408
2036,2106
665,735
1685,1755
1879,1949
337,407
1528,1598
1639,1709
415,485
795,865
1650,1720
1279,1349
2211,2281
1209,1279
1394,1464
1139,1209
318,388
742,812
343,413
594,664
1088,1158
1910,1980
1181,1251
2238,2308
139,209
55,125
403,473
365,435
409,479
37,107
327,397
102,172
1439,1509
609,679
995,1065
1481,1551
906,976
975,1045
990,1060
2133,2203
866,936
1172,1242
331,401
648,718
87,157
682,752
900,970
1353,1423
2247,2317
556,626
1911,1981
1550,1620
314,384
1394,1464
588,658
1847,1917
1955,2025
341,411
1507,1577
1819,1889
1073,1143
1149,1219
1091,1161
434,504
1426,1496
1846,1916
789,859
2274,2344
655,725
1168,1238
201,271
253,323
726,796
412,482
1926,1996
1154,1224
385,455
307,377
719,789
370,440
2094,2164
318,388
270,340
1335,1405
187,257
1112,1182
1876,1946
1844,1914
2355,2425
839,909
918,988
972,1042
922,992
1899,1969
1099,1169
286,356
990,1060
1781,1851
595,665
1298,1368
15,85
1758,1828
1244,1314
1354,1424
1526,1596
1039,1109
1441,1511
2238,2308
1062,1132
887,957
1458,1528
2060,2130
958,1028
2329,2399
1555,1625
261,331
1321,1391
59,129
1827,1897
50,120
184,254
2211,2281
1254,1324
1620,1690
463,533
1046,1116
621,691
794,864
961,1031
2125,2195
1697,1767
2195,2265
76,146
1186,1256
1887,1957
1139,1209
462,532
1310,1380
712,782
2195,2265
577,647
704,774
1058,1128
1598,1668
1836,1906
2297,2367
410,480
1566,1636
507,577
384,454
1153,1223
126,196
2047,2117
2283,2353
1303,1373
1283,1353
247,317
897,967
1529,1599
786,856
1584,1654
410,480
1923,1993
326,396
2271,2341
1794,1864
171,241
1026,1096
278,348
1882,1952
497,567
40,110
8,78
267,337
1610,1680
1150,1220
46,116
1828,1898
1465,1535
453,523
1382,1452
1309,1379
749,819
1383,1453
1725,1795
1747,1817
871,941
619,689
2149,2219
1699,1769
1511,1581
2228,2298
1210,1280
2167,2237
857,927
762,832
1595,1665
2201,2271
1256,1326
942,1012
639,709
2208,2278
1821,1891
1769,1839
2167,2237
1055,1125
1852,1922
1166,1236
837,907
10,80
2251,2321
1672,1742
111,181
49,119
455,525
1335,1405
1191,1261
844,914
1270,1340
895,965
1450,1520
850,920
1994,2064
679,749
1916,1986
2175,2245
831,901
1593,1663
313,383
1609,1679
194,264
1454,1524
2346,2416
1077,1147
814,884
85,155
809,879
1885,1955
1539,1609
2093,2163
1785,1855
256,326
1408,1478
844,914
859,929
789,859
1253,1323
325,395
1612,1682
591,661
384,454
593,663
1320,1390
146,216
2331,2401
1034,1104
702,772
1586,1656
1615,1685
1034,1104
1905,1975
1668,1738
295,365
230,300
2128,2198
2198,2268
84,154
1524,1594
1369,1439
40,110
2310,2380
1408,1478
445,515
870,940
482,552
1979,2049
983,1053
556,626
1651,1721
1056,1126
1684,1754
550,620
2189,2259
948,1018
253,323
2189,2259
2305,2375
1896,1966
372,442
1584,1654
1965,2035
246,316
672,742
775,845
621,691
1943,2013
18,88
857,927
2287,2357
1429,1499
2103,2173
2153,2223
2064,2134
1261,1331
216,286
1633,1703
268,338
967,1037
232,302
645,715
592,662
1949,2019
2246,2316
2158,2228
1908,1978
1394,1464
296,366
948,1018
1415,1485
645,715
35,105
2235,2305
30,100
491,561
1483,1553
699,769
2139,2209
386,456
825,895
881,951
232,302
878,948
1923,1993
1978,2048
253,323
882,952
1466,1536
2138,2208
2156,2226
2169,2239
1353,1423
2311,2381
426,496
513,583
60,130
2221,2291
578,648
1562,1632
357,427
1995,2065
1965,2035
47,117
1078,1148
1694,1764
964,1034
992,1062
1501,1571
1705,1775
744,814
476,546
1357,1427
1703,1773
980,1050
1525,1595
449,519
1034,1104
608,678
2268,2338
585,655
365,435
872,942
1280,1350
1915,1985
2073,2143
379,449
1377,1447
2227,2297
1130,1200
888,958
1211,1281
2181,2251
1853,1923
1559,1629
1937,2007
2062,2132
1121,1191
1946,2016
2350,2420
357,427
960,1030
631,701
1925,1995
2259,2329
27,97
1330,1400
1284,1354
842,912
1550,1620
965,1035
1496,1566
858,928
1379,1449
1889,1959
613,683
1254,1324
2234,2304
1908,1978
991,1061
1575,1645
1418,1488
1226,1296
1484,1554
757,827
95,165
2338,2408
713,783
1253,1323
178,248
374,444
842,912
320,390
1719,1789
1093,1163
1818,1888
2093,2163
1078,1148
144,214
311,381
2181,2251
690,760
1205,1275
14,84
1282,1352
2091,2161
897,967
523,593
2070,2140
1240,1310
731,801
1814,1884
257,327
1188,1258
1423,1493
1056,1126
1186,1256
1408,1478
1553,1623
1049,1119
908,978
1489,1559
215,285
524,594
1918,1988
2313,2383
1695,1765
1818,1888
2352,2422
1673,1743
1674,1744
2109,2179
1586,1656
291,361
919,989
1693,1763
2041,2111
752,822
275,345
1416,1486
517,587
1429,1499
1146,1216
932,1002
1779,1849
848,918
1439,1509
46,116
2347,2417
1348,1418
1721,1791
9,79
165,235
1705,1775
2331,2401
2257,2327
544,614
511,581
878,948
2036,2106
1418,1488
2106,2176
296,366
1640,1710
66,136
1131,1201
673,743
1274,1344
347,417
1866,1936
53,123
291,361
1808,1878
315,385
1747,1817
1048,1118
748,818
2325,2395
177,247
655,725
258,328
121,191
1078,1148
438,508
739,809
1523,1593
1951,2021
2152,2222
2327,2397
432,502
463,533
2203,2273
2268,2338
21,91
1706,1776
1668,1738
572,642
1824,1894
1677,1747
1676,1746
1810,1880
194,264
517,587
839,909
2352,2422
826,896
2146,2216
755,825
1947,2017
35,105
546,616
1227,1297
2024,2094
998,1068
1959,2029
1012,1082
212,282
1916,1986
118,188
1272,1342
696,766
1889,1959
1687,1757
133,203
2101,2171
2128,2198
772,842
1781,1851
1812,1882
1803,1873
1938,2008
1790,1860
1939,2009
31,101
1586,1656
662,732
659,729
266,336
941,1011
1769,1839
378,448
1741,1811
1330,1400
1728,1798
1586,1656
925,995
633,703
1451,1521
1110,1180
114,184
1621,1691
657,727
370,440
1848,1918
1227,1297
374,444
296,366
1663,1733
394,464
424,494
754,824
1607,1677
1861,1931
2160,2230
92,162
1279,1349
816,886
1471,1541
1078,1148
1993,2063
824,894
1578,1648
644,714
455,525
654,724
1542,1612
1370,1440
1808,1878
865,935
639,709
494,564
1039,1109
1130,1200
987,1057
1469,1539
1366,1436
87,157
663,733
845,915
406,476
672,742
1065,1135
1497,1567
1441,1511
2279,2349
1946,2016
28,98
751,821
1692,1762
2152,2222
545,615
1072,1142
1529,1599
1465,1535
1092,1162
2205,2275
1951,2021
1223,1293
2021,2091
963,1033
812,882
1244,1314
749,819
176,246
2093,2163
58,128
1347,1417
2237,2307
1668,1738
1271,1341
361,431
1753,1823
72,142
1362,1432
1075,1145
1910,1980
163,233
1659,1729
1511,1581
867,937
658,728
1088,1158
888,958
16,86
1165,1235
786,856
1824,1894
1786,1856
820,890
1233,1303
2286,2356
1310,1380
343,413
382,452
1707,1777
725,795
1801,1871
2059,2129
551,621
1799,1869
848,918
868,938
530,600
1836,1906
391,461
1216,1286
389,459
2107,2177
1348,1418
543,613
2203,2273
953,1023
1097,1167
2149,2219
597,667
121,191
222,292
1194,1264
1715,1785
1469,1539
689,759
1968,2038
1759,1829
1275,1345
546,616
1715,1785
1690,1760
1300,1370
1817,1887
270,340
689,759
1988,2058
1532,1602
101,171
2002,2072
758,828
502,572
397,467
696,766
762,832
1390,1460
49,119
85,155
544,614
559,629
1501,1571
2096,2166
2280,2350
295,365
1042,1112
798,868
907,977
370,440
1088,1158
910,980
956,1026
906,976
474,544
2066,2136
1885,1955
2200,2270
49,119
969,1039
747,817
440,510
1409,1479
1270,1340
293,363
1676,1746
875,945
2014,2084
764,834
1690,1760
1948,2018
68,138
581,651
1629,1699
1159,1229
1542,1612
746,816
1274,1344
2217,2287
540,610
1116,1186
1763,1833
589,659
1488,1558
1389,1459
1790,1860
1395,1465
2127,2197
162,232
546,616
568,638
1897,1967
858,928
2347,2417
1125,1195
2132,2202
1329,1399
779,849
1501,1571
1231,1301
623,693
343,413
293,363
1685,1755
1856,1926
1424,1494
856,926
1327,1397
2304,2374
1354,1424
2339,2409
2348,2418
408,478
545,615
1281,1351
1279,1349
1611,1681
1867,1937
1203,1273
2202,2272
1271,1341
145,215
1514,1584
1831,1901
1075,1145
803,873
2300,2370
1877,1947
1328,1398
79,149
1193,1263
554,624
1342,1412
2357,2427
725,795
75,145
640,710
1080,1150
354,424
1963,2033
2316,2386
904,974
1199,1269
722,792
2012,2082
859,929
975,1045
375,445
19,89
820,890
497,567
349,419
361,431
636,706
801,871
1541,1611
1971,2041
497,567
1091,1161
1189,1259
163,233
711,781
1561,1631
1740,1810
1487,1557
992,1062
1559,1629
1435,1505
2177,2247
2194,2264
1152,1222
906,976
2244,2314
363,433
818,888
1215,1285
1113,1183
921,991
1143,1213
1402,1472
1677,1747
2083,2153
23,93
73,143
192,262
1651,1721
961,1031
329,399
626,696
1281,1351
956,1026
1971,2041
324,394
1012,1082
77,147
1079,1149
2319,2389
1741,1811
1690,1760
1400,1470
1772,1842
738,808
485,555
163,233
1077,1147
836,906
700,770
912,982
1270,1340
774,844
522,592
211,281
1430,1500
1347,1417
224,294
1866,1936
1622,1692
362,432
1290,1360
255,325
1284,1354
828,898
1846,1916
1859,1929
2147,2217
406,476
2252,2322
1555,1625
1942,2012
2261,2331
569,639
2140,2210
81,151
100,170
452,522
112,182
1212,1282
283,353
1103,1173
1172,1242
1524,1594
404,474
388,458
307,377
1098,1168
114,184
2229,2299
1591,1661
1199,1269
850,920
202,272
428,498
2358,2428
2274,2344
501,571
838,908
2076,2146
2348,2418
2222,2292
1475,1545
1952,2022
1528,1598
130,200
736,806
108,178
830,900
176,246
466,536
1719,1789
778,848
1319,1389
1548,1618
1786,1856
711,781
2140,2210
1537,1607
1189,1259
989,1059
2066,2136
799,869
1743,1813
1590,1660
873,943
471,541
342,412
2274,2344
13,83
2307,2377
1926,1996
354,424
151,221
2117,2187
1257,1327
451,521
1333,1403
1230,1300
651,721
1541,1611
1109,1179
218,288
527,597
1267,1337
1742,1812
506,576
1302,1372
254,324
1416,1486
1567,1637
219,289
871,941
1717,1787
588,658
956,1026
1502,1572
2299,2369
908,978
1200,1270
344,414
670,740
63,133
383,453
2110,2180
2287,2357
2171,2241
491,561
624,694
2072,2142
1174,1244
1127,1197
164,234
280,350
793,863
391,461
527,597
40,110
435,505
166,236
2016,2086
1970,2040
1479,1549
2017,2087
1244,1314
45,115
808,878
1624,1694
2322,2392
1659,1729
1930,2000
509,579
521,591
983,1053
2015,2085
2135,2205
2181,2251
1785,1855
1509,1579
1881,1951
1254,1324
1921,1991
298,368
381,451
2291,2361
162,232
776,846
1238,1308
1672,1742
444,514
1703,1773
547,617
2073,2143
2202,2272
2096,2166
314,384
2221,2291
1675,1745
40,110
681,751
1148,1218
984,1054
141,211
1952,2022
1408,1478
1405,1475
1665,1735
1983,2053
1342,1412
2315,2385
2024,2094
1567,1637
171,241
686,756
2128,2198
1626,1696
2287,2357
331,401
1202,1272
1002,1072
2185,2255
1591,1661
1052,1122
441,511
497,567
606,676
2316,2386
1120,1190
1526,1596
1252,1322
784,854
1322,1392
2034,2104
1195,1265
834,904
1133,1203
2063,2133
174,244
594,664
31,101
413,483
1637,1707
1112,1182
374,444
1562,1632
2346,2416
2186,2256
307,377
946,1016
250,320
2317,2387
365,435
833,903
395,465
1413,1483
1443,1513
1829,1899
490,560
302,372
266,336
2267,2337
1840,1910
1358,1428
590,660
1577,1647
1085,1155
64,134
2256,2326
1880,1950
714,784
990,1060
328,398
2082,2152
735,805
153,223
1071,1141
371,441
1967,2037
2062,2132
999,1069
1009,1079
945,1015
1340,1410
2175,2245
1963,2033
58,128
1300,1370
1387,1457
2300,2370
1966,2036
1299,1369
2036,2106
339,409
2209,2279
25,95
1801,1871
28,98
1059,1129
1112,1182
2007,2077
757,827
645,715
2352,2422
1762,1832
947,1017
169,239
531,601
215,285
986,1056
1295,1365
1925,1995
170,240
1416,1486
473,543
2302,2372
205,275
1101,1171
1338,1408
1785,1855
231,301
576,646
394,464
1364,1434
1904,1974
389,459
277,347
1295,1365
287,357
976,1046
596,666
1110,1180
700,770
2342,2412
2076,2146
916,986
28,98
0,70
1807,1877
1392,1462
1336,1406
1870,1940
544,614
1647,1717
1152,1222
580,650
2088,2158
764,834
849,919
2212,2282
1677,1747
1148,1218
1424,1494
230,300
350,420
1099,1169
589,659
703,773
161,231
1647,1717
711,781
2062,2132
1858,1928
1522,1592
1461,1531
1529,1599
428,498
876,946
984,1054
993,1063
2184,2254
1541,1611
755,825
912,982
885,955
1164,1234
1695,1765
1415,1485
2264,2334
1708,1778
1270,1340
975,1045
1636,1706
1068,1138
1218,1288
1127,1197
2197,2267
2057,2127
387,457
1283,1353
1453,1523
1741,1811
490,560
1713,1783
2118,2188
1137,1207
1662,1732
198,268
2204,2274
1764,1834
1651,1721
1952,2022
369,439
1340,1410
1663,1733
163,233
971,1041
971,1041
1717,1787
142,212
1675,1745
1683,1753
1011,1081
1446,1516
686,756
1746,1816
7,77
219,289
503,573
906,976
842,912
338,408
1620,1690
1044,1114
2245,2315
1301,1371
2304,2374
2081,2151
229,299
229,299
2231,2301
1950,2020
174,244
777,847
258,328
1737,1807
1925,1995
1127,1197
1559,1629
646,716
1406,1476
1902,1972
1047,1117
2285,2355
398,468
509,579
351,421
1667,1737
1387,1457
731,801
1532,1602
560,630
1671,1741
1889,1959
1077,1147
2042,2112
770,840
1535,1605
2322,2392
738,808
885,955
1640,1710
2232,2302
1509,1579
845,915
2123,2193
1338,1408
726,796
2256,2326
1383,1453
363,433
1119,1189
1630,1700
339,409
1840,1910
2077,2147
2006,2076
1855,1925
1748,1818
300,370
932,1002
2059,2129
1120,1190
1990,2060
2288,2358
1001,1071
505,575
334,404
1537,1607
2322,2392
1497,1567
663,733
96,166
2105,2175
1883,1953
1246,1316
560,630
741,811
1254,1324
404,474
1575,1645
954,1024
1883,1953
1980,2050
1884,1954
1653,1723
1530,1600
1140,1210
1009,1079
1381,1451
1106,1176
89,159
596,666
1897,1967
1284,1354
769,839
1417,1487
502,572
413,483
969,1039
1062,1132
162,232
1036,1106
168,238
1394,1464
71,141
337,407
1502,1572
1157,1227
2242,2312
626,696
2162,2232
641,711
1364,1434
603,673
2253,2323
1151,1221
2234,2304
1043,1113
1765,1835
890,960
481,551
2291,2361
106,176
2333,2403
1282,1352
988,1058
403,473
106,176
515,585
49,119
1811,1881
1977,2047
1194,1264
864,934
1280,1350
1792,1862
1884,1954
2278,2348
89,159
552,622
2092,2162
908,978
249,319
237,307
522,592
1566,1636
2063,2133
2092,2162
1022,1092
1589,1659
2101,2171
2133,2203
1062,1132
22,92
2264,2334
1933,2003
413,483
608,678
984,1054
61,131
238,308
711,781
1194,1264
1721,1791
403,473
2255,2325
28,98
64,134
180,250
1576,1646
2202,2272
1294,1364
820,890
1200,1270
2323,2393
939,1009
2017,2087
319,389
1736,1806
2045,2115
2304,2374
2253,2323
2298,2368
1033,1103
1825,1895
1071,1141
1293,1363
931,1001
2101,2171
1556,1626
1932,2002
2181,2251
1248,1318
1277,1347
345,415
664,734
1633,1703
1844,1914
2087,2157
5,75
591,661
1708,1778
1315,1385
357,427
447,517
2267,2337
1743,1813
2214,2284
533,603
2287,2357
340,410
921,991
1295,1365
904,974
2156,2226
1308,1378
1605,1675
626,696
1503,1573
178,248
978,1048
1735,1805
2291,2361
2311,2381
2004,2074
1967,2037
1276,1346
1780,1850
1572,1642
1890,1960
1115,1185
263,333
1753,1823
1886,1956
1794,1864
55,125
1250,1320
1543,1613
193,263
1452,1522
2204,2274
1226,1296
1964,2034
498,568
2260,2330
519,589
1117,1187
926,996
2305,2375
310,380
399,469
1840,1910
1097,1167
1588,1658
626,696
1748,1818
2216,2286
40,110
1108,1178
1518,1588
2234,2304
342,412
1691,1761
1621,1691
165,235
1606,1676
2351,2421
969,1039
391,461
140,210
913,983
1227,1297
1933,2003
342,412
868,938
1828,1898
1352,1422
2296,2366
145,215
579,649
1516,1586
805,875
777,847
1234,1304
2328,2398
897,967
1808,1878
1363,1433
135,205
1849,1919
2215,2285
628,698
1207,1277
1904,1974
1913,1983
1554,1624
1603,1673
638,708
548,618
1390,1460
2230,2300
1472,1542
27,97
989,1059
2262,2332
962,1032
1879,1949
403,473
390,460
1170,1240
1621,1691
176,246
105,175
1913,1983
169,239
1923,1993
471,541
1359,1429
2263,2333
1181,1251
1574,1644
339,409
475,545
1940,2010
164,234
1061,1131
313,383
1933,2003
741,811
1259,1329
86,156
297,367
2305,2375
1475,1545
455,525
952,1022
2041,2111
25,95
287,357
725,795
810,880
654,724
2279,2349
644,714
560,630
1329,1399
2129,2199
1746,1816
602,672
1031,1101
2,72
2161,2231
1458,1528
1161,1231
2036,2106
2201,2271
826,896
852,922
1490,1560
1497,1567
959,1029
1720,1790
1269,1339
38,108
1613,1683
2310,2380
427,497
1043,1113
1415,1485
1640,1710
1454,1524
828,898
1090,1160
269,339
958,1028
2015,2085
289,359
1421,1491
888,958
1092,1162
77,147
731,801
420,490
2283,2353
1377,1447
155,225
1525,1595
1437,1507
1344,1414
1728,1798
1192,1262
985,1055
262,332
39,109
1687,1757
2003,2073
2232,2302
1020,1090
1846,1916
523,593
610,680
257,327
1251,1321
1695,1765
1647,1717
1236,1306
193,263
1491,1561
1437,1507
1378,1448
2249,2319
2205,2275
167,237
2241,2311
188,258
1549,1619
1574,1644
60,130
792,862
1147,1217
2157,2227
71,141
550,620
379,449
906,976
640,710
621,691
708,778
2180,2250
1634,1704
151,221
384,454
1734,1804
904,974
2339,2409
1748,1818
1146,1216
1899,1969
1290,1360
949,1019
1740,1810
999,1069
383,453
1555,1625
1315,1385
764,834
175,245
397,467
1077,1147
